№ клавиши,Нота,Частота (Гц),Диапазон (Гц)
1,A0,27.50,26.72 — 28.31
2,A#0,29.14,28.31 — 29.99
3,B0,30.87,29.99 — 31.77
4,C1,32.70,31.77 — 33.66
5,C#1,34.65,33.66 — 35.66
6,D1,36.71,35.66 — 37.78
7,D#1,38.89,37.78 — 40.03
8,E1,41.20,40.03 — 42.41
9,F1,43.65,42.41 — 44.93
10,F#1,46.25,44.93 — 47.60
11,G1,49.00,47.60 — 50.44
12,G#1,51.91,50.44 — 53.43
13,A1,55.00,53.43 — 56.61
14,A#1,58.27,56.61 — 59.98
15,B1,61.74,59.98 — 63.54
16,C2,65.41,63.54 — 67.32
17,C#2,69.30,67.32 — 71.33
18,D2,73.42,71.33 — 75.57
19,D#2,77.78,75.57 — 80.06
20,E2,82.41,80.06 — 84.82
21,F2,87.31,84.82 — 89.87
22,F#2,92.50,89.87 — 95.21
23,G2,98.00,95.21 — 100.87
24,G#2,103.83,100.87 — 106.87
25,A2,110.00,106.87 — 113.22
26,A#2,116.54,113.22 — 119.96
27,B2,123.47,119.96 — 127.09
28,C3,130.81,127.09 — 134.65
29,C#3,138.59,134.65 — 142.65
30,D3,146.83,142.65 — 151.13
31,D#3,155.56,151.13 — 160.12
32,E3,164.81,160.12 — 169.64
33,F3,174.61,169.64 — 179.73
34,F#3,185.00,179.73 — 190.42
35,G3,196.00,190.42 — 201.74
36,G#3,207.65,201.74 — 213.74
37,A3,220.00,213.74 — 226.45
38,A#3,233.08,226.45 — 239.91
39,B3,246.94,239.91 — 254.18
40,C4,261.63,254.18 — 269.29
41,C#4,277.18,269.29 — 285.30
42,D4,293.66,285.30 — 302.27
43,D#4,311.13,302.27 — 320.24
44,E4,329.63,320.24 — 339.29
45,F4,349.23,339.29 — 359.46
46,F#4,369.99,359.46 — 380.84
47,G4,392.00,380.84 — 403.48
48,G#4,415.30,403.48 — 427.47
49,A4,440.00,427.47 — 452.89
50,A#4,466.16,452.89 — 479.82
51,B4,493.88,479.82 — 508.36
52,C5,523.25,508.36 — 538.58
53,C#5,554.37,538.58 — 570.61
54,D5,587.33,570.61 — 604.54
55,D#5,622.25,604.54 — 640.49
56,E5,659.26,640.49 — 678.57
57,F5,698.46,678.57 — 718.92
58,F#5,739.99,718.92 — 761.67
59,G5,783.99,761.67 — 806.96
60,G#5,830.61,806.96 — 854.95
61,A5,880.00,854.95 — 905.79
62,A#5,932.33,905.79 — 959.65
63,B5,987.77,959.65 — 1016.71
64,C6,1046.50,1016.71 — 1077.17
65,C#6,1108.73,1077.17 — 1141.22
66,D6,1174.66,1141.22 — 1209.08
67,D#6,1244.51,1209.08 — 1280.97
68,E6,1318.51,1280.97 — 1357.15
69,F6,1396.91,1357.15 — 1437.85
70,F#6,1479.98,1437.85 — 1523.34
71,G6,1567.98,1523.34 — 1613.93
72,G#6,1661.22,1613.93 — 1709.90
73,A6,1760.00,1709.90 — 1811.57
74,A#6,1864.66,1811.57 — 1919.29
75,B6,1975.53,1919.29 — 2033.42
76,C7,2093.00,2033.42 — 2154.33
77,C#7,2217.46,2154.33 — 2282.44
78,D7,2349.32,2282.44 — 2418.16
79,D#7,2489.02,2418.16 — 2561.95
80,E7,2637.02,2561.95 — 2714.29
81,F7,2793.83,2714.29 — 2875.69
82,F#7,2959.96,2875.69 — 3046.69
83,G7,3135.96,3046.69 — 3227.85
84,G#7,3322.44,3227.85 — 3419.79
85,A7,3520.00,3419.79 — 3623.14
86,A#7,3729.31,3623.14 — 3838.59
87,B7,3951.07,3838.59 — 4066.84
88,C8,4186.01,4066.84 — 4308.67