Time,Type,StringIdx,ExpectedFreq,DetectedFreq,HitResult
0.0000,Target,1,116.54,473.80,Hit
0.6522,Target,3,233.08,443.94,Hit
0.8152,Target,2,174.61,181.98,Hit
0.3261,Target,2,174.61,181.98,Hit
1.1413,Target,1,116.54,472.88,Hit
1.3043,Target,0,87.31,184.37,Hit
2.1196,Target,2,146.83,135.41,Miss
1.9565,Target,3,196.00,,Miss
2.6087,Target,0,73.42,183.00,Hit
2.4457,Target,0,87.31,138.75,Hit
3.2609,Target,2,146.83,,Miss
3.4239,Target,1,110.00,437.63,Hit
3.7500,Target,1,110.00,110.02,Hit
4.2391,Target,1,130.81,462.29,Hit
4.5652,Target,2,164.81,,Miss
3.9130,Target,0,77.78,137.28,Hit
4.7283,Target,1,130.81,137.88,Hit
5.2174,Target,1,116.54,138.02,Hit
7.3370,Target,2,174.61,,Miss
6.3587,Target,1,130.81,,Miss
5.0543,Target,1,116.54,,Miss
6.8478,Target,2,174.61,,Miss
7.1739,Target,3,233.08,,Miss
6.0326,Target,2,174.61,,Miss
7.6630,Target,0,77.78,385.83,Hit
7.8261,Target,0,73.42,148.25,Hit
6.5217,Target,0,87.31,148.25,Hit
8.1522,Target,1,110.00,106.23,Hit
8.6413,Target,3,220.00,113.85,Hit
9.7826,Target,2,164.81,,Miss
9.1304,Target,0,77.78,181.72,Hit
8.9674,Target,0,73.42,337.26,Hit
10.1087,Target,1,130.81,131.04,Hit
10.9239,Target,1,116.54,492.10,Hit
10.4348,Target,1,116.54,239.68,Hit
11.5761,Target,1,116.54,110.63,Hit
11.2500,Target,2,174.61,169.25,Hit
11.0870,Target,3,233.08,460.52,Hit
10.7609,Target,2,174.61,182.06,Hit
12.0652,Target,1,116.54,,Miss
13.0435,Target,0,87.31,130.43,Miss
13.3696,Target,1,146.83,137.17,Miss
12.8804,Target,0,87.31,508.84,Miss
13.8587,Target,3,196.00,125.52,Miss
12.5543,Target,0,87.31,136.39,Hit
12.2283,Target,0,87.31,,Miss
14.3478,Target,0,87.31,,Miss
14.6739,Target,1,110.00,,Miss
15.0000,Target,2,164.81,,Miss
12.3913,Target,3,220.00,,Miss
15.4891,Target,0,73.42,,Miss
14.1848,Target,0,77.78,,Miss
15.1630,Target,1,130.81,,Miss
13.6957,Target,2,174.61,,Miss
17.1196,Target,4,440.00,,Miss
17.2826,Target,4,440.00,,Miss
17.4457,Target,4,440.00,,Miss
17.6087,Target,4,440.00,,Miss
17.7717,Target,4,440.00,,Miss
17.9348,Target,4,440.00,,Miss
18.0978,Target,4,440.00,,Miss
18.2609,Target,4,440.00,,Miss
18.4239,Target,4,466.16,,Miss
18.5870,Target,4,466.16,,Miss
18.7500,Target,4,466.16,,Miss
18.9130,Target,4,466.16,,Miss
19.0761,Target,4,466.16,,Miss
19.2391,Target,4,466.16,,Miss
19.4022,Target,4,466.16,,Miss
19.5652,Target,4,466.16,,Miss
19.7283,Target,4,440.00,,Miss
19.8913,Target,4,440.00,,Miss
20.0543,Target,4,440.00,,Miss
20.2174,Target,4,440.00,,Miss
20.3804,Target,4,440.00,,Miss
20.5435,Target,4,440.00,,Miss
20.7065,Target,4,440.00,,Miss
20.8696,Target,4,440.00,,Miss
21.0326,Target,4,440.00,,Miss
21.1957,Target,4,440.00,,Miss
21.3587,Target,4,440.00,,Miss
21.5217,Target,4,440.00,,Miss
21.6848,Target,4,440.00,,Miss
21.8478,Target,4,440.00,,Miss
22.0109,Target,4,440.00,,Miss
22.1739,Target,4,440.00,,Miss
22.3370,Target,4,440.00,,Miss
22.5000,Target,4,440.00,,Miss
22.6630,Target,4,440.00,,Miss
22.8261,Target,4,440.00,,Miss
22.9891,Target,4,440.00,,Miss
23.6413,Target,4,440.00,528.95,Hit
23.9674,Target,3,349.23,,Miss
23.8043,Target,3,329.63,,Miss
23.4783,Target,3,349.23,,Miss
25.1087,Target,4,440.00,,Miss
23.3152,Target,3,329.63,,Miss
23.1522,Target,3,349.23,,Miss
25.5978,Target,4,440.00,,Miss
25.7609,Target,4,440.00,,Miss
25.9239,Target,4,440.00,,Miss
26.0870,Target,4,440.00,,Miss
26.2500,Target,4,440.00,,Miss
26.4130,Target,4,440.00,,Miss
26.5761,Target,4,440.00,,Miss
26.7391,Target,4,440.00,,Miss
26.9022,Target,4,440.00,,Miss
27.0652,Target,4,440.00,,Miss
27.2283,Target,4,440.00,,Miss
27.3913,Target,4,440.00,,Miss
27.5543,Target,4,440.00,,Miss
27.7174,Target,4,466.16,443.17,Hit
27.8804,Target,4,466.16,443.03,Hit
28.5326,Target,4,466.16,149.14,Miss
28.3696,Target,4,466.16,,Miss
28.2065,Target,4,466.16,,Miss
28.0435,Target,4,466.16,,Miss
1.1413,Target,1,116.54,442.91,Hit
1.3043,Target,0,87.31,603.38,Hit
2.6087,Target,0,73.42,652.41,Hit
2.4457,Target,0,87.31,472.51,Hit
3.2609,Target,2,164.81,688.03,Hit
4.2391,Target,1,130.81,109.14,Hit
3.9130,Target,0,77.78,368.41,Hit
5.2174,Target,1,116.54,128.86,Hit
5.0543,Target,1,130.81,453.80,Hit
6.3587,Target,1,116.54,434.94,Hit
7.8261,Target,0,73.42,125.73,Hit
7.6630,Target,0,77.78,246.79,Hit
8.1522,Target,1,110.00,104.29,Hit
10.4348,Target,1,116.54,134.94,Hit
11.5761,Target,1,116.54,240.12,Hit
12.0652,Target,1,146.83,460.13,Hit
12.8804,Target,0,87.31,147.11,Hit
13.3696,Target,1,110.00,104.35,Hit
13.6957,Target,2,164.81,316.56,Hit
14.3478,Target,0,77.78,151.35,Hit
16.3043,Target,4,440.00,427.55,Hit
15.4891,Target,0,77.78,142.91,Hit
16.6304,Target,4,440.00,222.19,Hit
16.7935,Target,4,440.00,105.35,Hit
16.9565,Target,4,466.16,450.97,Hit
17.4457,Target,4,466.16,450.81,Hit
17.2826,Target,4,466.16,449.20,Hit
17.6087,Target,4,466.16,452.79,Hit
17.7717,Target,4,466.16,446.22,Hit
17.9348,Target,4,466.16,445.46,Hit
18.0978,Target,4,466.16,455.88,Hit
18.2609,Target,4,440.00,470.43,Hit
18.4239,Target,4,440.00,451.67,Hit
18.5870,Target,4,440.00,110.72,Hit
18.7500,Target,4,440.00,111.08,Hit
18.9130,Target,4,440.00,110.99,Hit
19.0761,Target,4,440.00,221.65,Hit
19.2391,Target,4,440.00,221.74,Hit
19.4022,Target,4,440.00,223.17,Hit
19.5652,Target,4,440.00,111.12,Hit
19.7283,Target,4,440.00,110.09,Hit
19.8913,Target,4,440.00,220.50,Hit
20.0543,Target,4,440.00,221.88,Hit
20.2174,Target,4,440.00,110.48,Hit
20.3804,Target,4,440.00,222.15,Hit
20.5435,Target,4,440.00,220.90,Hit
20.7065,Target,4,440.00,110.31,Hit
20.8696,Target,4,440.00,219.77,Hit
21.0326,Target,4,440.00,110.08,Hit
21.1957,Target,4,440.00,420.74,Hit
21.3587,Target,4,440.00,218.39,Hit
21.5217,Target,4,440.00,220.54,Hit
21.6848,Target,4,440.00,220.33,Hit
21.8478,Target,4,440.00,109.47,Hit
22.0109,Target,4,440.00,209.23,Hit
22.1739,Target,4,523.25,111.16,Hit
22.3370,Target,4,523.25,110.09,Hit
22.6630,Target,4,523.25,435.19,Hit
22.8261,Target,4,523.25,263.23,Hit
22.9891,Target,4,523.25,261.85,Hit
22.5000,Target,4,523.25,130.39,Hit
23.4783,Target,3,349.23,165.28,Hit
23.3152,Target,3,329.63,168.56,Hit
23.6413,Target,4,440.00,106.09,Hit
24.7826,Target,4,440.00,221.69,Hit
24.9457,Target,4,440.00,223.48,Hit
24.6196,Target,4,440.00,220.32,Hit
25.2717,Target,4,440.00,422.03,Hit
25.4348,Target,4,440.00,221.90,Hit
24.4565,Target,4,440.00,212.71,Hit
24.2935,Target,4,440.00,220.79,Hit
24.1304,Target,4,440.00,460.08,Hit
29.8370,Target,2,220.00,235.86,Hit
30.0000,Target,2,233.08,110.99,Hit
30.3261,Target,2,220.00,232.96,Hit
30.4891,Target,2,233.08,555.88,Hit
30.1630,Target,2,146.83,110.18,Hit
30.6522,Target,2,146.83,480.31,Hit
30.9783,Target,2,233.08,105.61,Hit
31.1413,Target,2,146.83,461.25,Hit
30.8152,Target,2,220.00,222.04,Hit
31.9565,Target,4,440.00,220.87,Hit
32.1196,Target,4,440.00,224.42,Hit
32.2826,Target,4,440.00,106.58,Hit
32.4457,Target,4,440.00,221.48,Hit
32.6087,Target,4,523.25,220.61,Hit
32.7717,Target,4,523.25,106.21,Hit
33.2609,Target,4,523.25,131.30,Hit
33.4239,Target,4,523.25,131.08,Hit
33.0978,Target,4,523.25,131.08,Hit
32.9348,Target,4,523.25,523.42,Hit
33.7500,Target,5,698.46,176.40,Hit
34.5652,Target,3,349.23,175.25,Hit
34.7283,Target,3,349.23,175.14,Hit
35.8696,Target,3,349.23,179.36,Hit
37.1739,Target,2,233.08,146.29,Hit
37.3370,Target,2,146.83,146.65,Hit
37.6630,Target,2,146.83,295.66,Hit
37.5000,Target,2,146.83,295.66,Hit
37.9891,Target,2,146.83,146.78,Hit
38.3152,Target,2,146.83,142.07,Hit
38.1522,Target,2,146.83,142.07,Hit
38.4783,Target,2,220.00,144.47,Hit
38.6413,Target,2,146.83,146.23,Hit
38.8043,Target,2,220.00,142.12,Hit
38.9674,Target,2,146.83,141.28,Hit
40.2717,Target,2,146.83,146.40,Hit
40.4348,Target,2,261.63,220.25,Hit
41.0870,Target,2,146.83,134.99,Hit
41.5761,Target,2,146.83,461.90,Hit
42.0652,Target,2,146.83,110.66,Hit
42.3913,Target,2,233.08,148.20,Hit
42.2283,Target,2,146.83,148.20,Hit
42.8804,Target,2,146.83,147.37,Hit
42.7174,Target,2,146.83,151.02,Hit
43.0435,Target,2,293.66,443.61,Hit
43.3696,Target,2,146.83,145.59,Hit
43.5326,Target,2,146.83,147.29,Hit
43.6957,Target,2,220.00,148.00,Hit
44.3478,Target,2,196.00,149.15,Hit
45.1630,Target,2,146.83,193.66,Hit
45.4891,Target,2,146.83,219.81,Hit
45.9783,Target,2,146.83,444.35,Hit
46.1413,Target,2,233.08,148.19,Hit
46.4674,Target,2,146.83,147.18,Hit
46.6304,Target,2,220.00,145.34,Hit
46.7935,Target,2,146.83,146.56,Hit
46.3043,Target,2,146.83,461.55,Hit
